server_id,server_name,category,members_online,server_last_bumped
661522075755872276,MarketPlace Hub New,Technology,18,2020-02-11 03:08:00
676407658580017152,‚ô´ ÊÑèÂë≥‰∏çÊòé ‚ô´,Technology,3,2020-02-11 03:06:07
194533269180514305,GeekHub,Technology,597,2020-02-11 03:00:24
599651407561490455,üîß Sup'Dev,Technology,96,2020-02-11 03:00:22
670809817652264963,StudentCentre,Technology,60,2020-02-11 02:55:58
662709512729264138,Cuneusecurity,Technology,27,2020-02-11 02:54:49
647706289681465346,Ritarary Code,Technology,31,2020-02-11 02:53:09
670786782849138698,Skyline Infosec,Technology,16,2020-02-11 02:50:52
674790323859357700,Carl's Jailbreak,Technology,8,2020-02-11 02:40:30
676486828177752076,Cashout Zeluzional Market,Technology,5,2020-02-11 02:39:18
652147939149611018,Placker Developments,Technology,20,2020-02-11 02:32:08
572004140587417610,CyberXploit,Technology,130,2020-02-11 02:31:04
669191731660718101,ToxicNets/NFOs,Technology,8,2020-02-11 02:30:51
370595587097362454,DanctNIX,Technology,35,2020-02-11 02:27:43
466939701945696257,O-Community,Technology,98,2020-02-11 02:23:04
584132214749397058,Jellyfin,Technology,152,2020-02-11 02:21:43
646914606937276436,System32,Technology,11,2020-02-11 02:16:13
666855384438538260,Windows Fan Group^2,Technology,17,2020-02-11 02:16:06
653109551129690122,Cyber-link,Technology,10,2020-02-11 02:14:22
609993365832073217,WebbFlow,Technology,38,2020-02-11 02:12:54
542549921098629120,Christian Hacking Club,Technology,97,2020-02-11 02:11:55
610718145371701248,Boogle Official,Technology,21,2020-02-11 02:06:39
671119512082579469,Sapphire Solutions,Technology,33,2020-02-11 02:03:16
551818408501575690,The Aviation Server,Technology,11,2020-02-11 02:02:41
624493706766057473,Corrupt Zone,Technology,88,2020-02-11 02:00:35
401102309939216384,DIY Tech,Technology,282,2020-02-11 01:55:10
374361004894846987,NickStudios HQ,Technology,56,2020-02-11 01:54:30
593192992924368922,TechStream,Technology,57,2020-02-11 01:54:05
643795689440018443,Simple Cloudware,Technology,19,2020-02-11 01:49:48
575163228376793108,~|A·¥ò·¥ò ü·¥á F·¥ús…™·¥è…¥|~,Technology,28,2020-02-11 01:49:14
150662382874525696,"Microsoft Community - Tech, Development, Gaming, Support, Social",Technology,3126,2020-02-11 01:46:53
594939470525104158,3D lock Hacking & Programming,Technology,264,2020-02-11 01:45:14
636145886279237652,Coding Web,Technology,81,2020-02-11 01:43:31
649295520786808845,JavaScript Web Developers Programmingüî•,Technology,11,2020-02-11 01:43:00
212743706501971978,The Rendezvous,Technology,19,2020-02-11 01:37:48
673627522474442752,Crevolute,Technology,22,2020-02-11 01:35:24
661257119588417627,World Of Coding,Technology,80,2020-02-11 01:32:28
590438024764981251,TechCorps,Technology,36,2020-02-11 01:31:03
668731812133994497,GNU/Linux,Technology,8,2020-02-11 01:26:12
643345655430905866,The NAND Lords üêí,Technology,70,2020-02-11 01:25:10
629698467731734529,Jailbreak,Technology,52,2020-02-11 01:23:17
515813295563997184,UNSCRIPTED STARTUPS,Technology,40,2020-02-11 01:20:56
634888332484280356,MyTech - Tech Support,Technology,264,2020-02-11 01:15:29
665654641043832840,Instituto Cient√≠fico do Discord,Technology,28,2020-02-11 01:14:58
599828674472312837,The Motherboard,Technology,73,2020-02-11 01:14:51
344086636042256398,üéÑCoding SupportüéÅ,Technology,103,2020-02-11 01:14:36
507243481278840832,Ladyliberty Discord,Technology,15,2020-02-11 01:13:05
672495023434104832,·¥Ñ è ô·¥á Ä ne—Ç,Technology,42,2020-02-11 01:12:56
402958266252132352,BricksBlocks,Technology,296,2020-02-11 01:11:01
541829295870443542,FSociety (official) Discord,Technology,67,2020-02-11 01:10:52
666510028567478273,Coding and chips,Technology,5,2020-02-11 01:08:23
635921042526830608,C f t E,Technology,86,2020-02-11 01:07:03
643873941428895744,Toxic's Coding Community,Technology,15,2020-02-11 00:59:44
326839256758616068,Laptop Hacking Coffee,Technology,617,2020-02-11 00:58:39
673193746069979137,The Astreuous Galaxy,Technology,7,2020-02-11 00:56:34
649349457380376580,TLS Group,Technology,4,2020-02-11 00:55:14
509544906335715349,The CyberSec Lounge,Technology,695,2020-02-11 00:54:51
635286714138624001,TechToad PC Building,Technology,50,2020-02-11 00:54:32
538060854869098498,Jaynky DIY,Technology,102,2020-02-11 00:49:56
587459403700109313,/dev/null,Technology,15,2020-02-11 00:49:53
665229588552613958,Silicon Valley,Technology,32,2020-02-11 00:47:01
675475705601065016,Team RŒûŒ§RŒòŒíŒòŒß,Technology,8,2020-02-11 00:46:38
675456687754444805,FN Tools,Technology,13,2020-02-11 00:33:38
541496165976244224,Arduino Tutorials,Technology,59,2020-02-11 00:31:58
506177161665970177,Syspoint üíª,Technology,88,2020-02-11 00:30:22
630487473318920202,Encrypted's security lounge,Technology,18,2020-02-11 00:28:30
274602906244743168,Linux and Technology,Technology,135,2020-02-11 00:26:10
644299523686006834,beginner.py,Technology,87,2020-02-11 00:25:32
638245194633969674,ùóî ùó© ùóü | ùóüùóÆùòÄùó≤ùóøùòÄ,Technology,17,2020-02-11 00:23:25
662666006937731073,Pi Network - France,Technology,21,2020-02-11 00:23:22
306948182368190464,ChristoCord | Custom PC Building,Technology,579,2020-02-11 00:22:50
630199884229771314,Peacock,Technology,22,2020-02-11 00:19:07
474433751040917504,thallia's tree,Technology,62,2020-02-11 00:19:05
652327616430211082,Everything Computer,Technology,32,2020-02-11 00:06:16
560847285874065408,LOCKE,Technology,465,2020-02-10 23:58:29
675622377425469461,‚õìüîì‚õì HS Marketplace ‚ò†,Technology,20,2020-02-10 23:58:11
181866934353133570,Programming,Technology,2366,2020-02-10 23:57:56
661873928628862995,Aviation and aerospace,Technology,6,2020-02-10 23:54:16
673533519464628265,Infinite Nodes,Technology,7,2020-02-10 23:53:47
637091503017164800,SLAM,Technology,29,2020-02-10 23:52:40
558599967393054720,The Programming Server,Technology,119,2020-02-10 23:51:43
529821881705037839,~Pastelheart Mafia~,Technology,17,2020-02-10 23:49:06
636777796416307200,The Computer Den,Technology,30,2020-02-10 23:48:23
667002637279035412,[ÔΩóÔΩÅÔΩéÔΩéÔΩÅ ÔΩÑÔΩâÔΩÖ],Technology,20,2020-02-10 23:47:10
405935557156536321,PC Guild,Technology,407,2020-02-10 23:44:47
196369952796704769,Amulius - Engineering & Chill,Technology,104,2020-02-10 23:38:51
638888177280745485,Swift Gang,Technology,18,2020-02-10 23:38:50
660399341336526848,EAT n Sleep,Technology,42,2020-02-10 23:38:38
606831733064859649,StealthSolutions‚Ñ¢,Technology,4,2020-02-10 23:35:18
651720200772648980,Latte Macchiato,Technology,22,2020-02-10 23:32:40
597066406521208852,Devscord,Technology,30,2020-02-10 23:31:27
673318728993341451,ROM Help,Technology,9,2020-02-10 23:29:31
615201003301765130,The CPU Nation,Technology,53,2020-02-10 23:28:55
663740910592458763,Vurig Hosting,Technology,37,2020-02-10 23:27:09
517452671230148623,The Tech Community,Technology,208,2020-02-10 23:23:49
674547344770859008,Justin's Solution,Technology,17,2020-02-10 23:22:30
670617585368432650,scamexposerslegal,Technology,23,2020-02-10 23:18:07
402933224709292032,[üíª] WAAL,Technology,14,2020-02-10 23:12:46
648879449106022435,Elite Studios Incorporations,Technology,120,2020-02-10 23:12:25
606091562774167562,iOS Jailbreak | RIP Rams,Technology,146,2020-02-10 23:05:57
673637821680189440,Cyber Security and Coding,Technology,17,2020-02-10 23:05:25
676546248815411213,f3ar Support,Technology,10,2020-02-10 23:04:16
643294177471496241,Galaxy Services,Technology,15,2020-02-10 23:00:42
672975356017246210,Raspberry Pi,Technology,5,2020-02-10 22:57:58
422620595964870658,Mee6 Extensions Support,Technology,5,2020-02-10 22:56:54
674734480782786621,macOS Lovers,Technology,8,2020-02-10 22:56:07
489144223099125761,code::together,Technology,364,2020-02-10 22:54:37
652897994122854421,‡πí‡πèt‡∏†—ît ≈¶‡πè–≥ œÇ—í—î‡∏Ñ◊ß,Technology,31,2020-02-10 22:51:24
674744948595359758,CODEX - MARKET /games/codes/gems/starterpacks/,Technology,20,2020-02-10 22:48:39
663031948394102784,ConnectedHost - Free Webhosting. Forever.,Technology,12,2020-02-10 22:47:32
566673537004208161,Hackers,Technology,35,2020-02-10 22:46:50
659591976630353922,Drop Server,Technology,72,2020-02-10 22:46:47
520444262685474816,PwnSquad,Technology,167,2020-02-10 22:45:53
269598587338489856,PC Management,Technology,87,2020-02-10 22:44:47
246414844851519490,PC Paradise,Technology,1200,2020-02-10 22:40:02
589436819024904203,Developers: Hub,Technology,7,2020-02-10 22:39:23
675192758985555978,The Loggo Doggo's,Technology,8,2020-02-10 22:39:21
671380537260113940,Lua Executor is here,Technology,53,2020-02-10 22:37:31
473618220524240928,altbet.io - mutual betting platform,Technology,487,2020-02-10 22:37:24
676496217546424323,SpicyX Development,Technology,11,2020-02-10 22:36:16
613018044192653342,Web Developers & Friends,Technology,260,2020-02-10 22:35:00
583251190591258624,Better C++,Technology,259,2020-02-10 22:30:00
673979697171922945,Alpha Menorah JavaScript,Technology,16,2020-02-10 22:21:41
660149402870218763,Habib Extreme Protector,Technology,12,2020-02-10 22:17:16
416940275223625738,NAMELESS,Technology,30,2020-02-10 22:16:34
655726851892838411,Vpn Services,Technology,29,2020-02-10 22:15:20
674674761745432578,The Developers' Cavern,Technology,11,2020-02-10 22:15:17
561232566091513858,Ultimate PhotoChallenge,Technology,51,2020-02-10 22:14:39
674680783209758741,RistEx Software,Technology,10,2020-02-10 22:13:30
503730378465476608,SHIN-RA¬©Á•ûÁæÖ„Ç´„É≥„Éë„Éã„Éº,Technology,178,2020-02-10 22:12:55
661655025285726213,Tech128's Android Devices Server,Technology,12,2020-02-10 22:10:45
531566319351496714,Reward XP,Technology,70,2020-02-10 22:09:14
673556392086601746,RawGen & Marketplace,Technology,30,2020-02-10 22:05:09
391478785754791949,Silicon Heaven,Technology,267,2020-02-10 22:02:41
666206529493401611,ROCKFORD‚ÄôS GEN,Technology,19,2020-02-10 22:01:36
657229786720108565,LuckyOwl's Treehouse,Technology,8,2020-02-10 22:00:10
446075987680165888,Helios Protocol,Technology,236,2020-02-10 21:55:32
669459781471436837,FREEDOM SUBSTITUTE - V2,Technology,85,2020-02-10 21:45:24
663418500869783553,Plainrock's Server,Technology,5,2020-02-10 21:44:08
568218937276366890,MS-DOS Community,Technology,23,2020-02-10 21:44:06
673238083956768793,Bay Area Rapid Transit,Technology,2,2020-02-10 21:41:24
668189184149815306,Rikko's Shop,Technology,19,2020-02-10 21:41:04
480754912196558868,GTUK: Official Discord,Technology,21,2020-02-10 21:38:27
473844642165555205,Volt Host,Technology,4,2020-02-10 21:36:02
663076152453365792,ÌäπÏù¥Ï†ê Ï±ÑÌåÖÎ∞©,Technology,11,2020-02-10 21:35:37
669616619949129739,Programmer Pro,Technology,14,2020-02-10 21:28:19
671589083038089244,The Hacker Network-Mk. II,Technology,21,2020-02-10 21:27:50
676289728919633920,Canadian Computing Competition (CCC),Technology,2,2020-02-10 21:26:48
662038945781121053,K.E.Y.,Technology,31,2020-02-10 21:22:39
612636083187875880,Aquatic Services¬Æ | Cloud Hosting,Technology,11,2020-02-10 21:22:10
545341093726912523,Netchill and flix,Technology,26,2020-02-10 21:21:39
297744523910578176,*nix nest,Technology,437,2020-02-10 21:17:09
539625723527430145,‚≠êAlphaTradeZone¬Æ‚≠ê,Technology,227,2020-02-10 21:15:16
665639253023391764,Tropa ùüèùüëùüëùüΩüí∏üî•,Technology,75,2020-02-10 21:12:19
664623746493054977,Free Gamers Republic,Technology,21,2020-02-10 21:06:04
412341634278359041,DTEK,Technology,24,2020-02-10 21:05:49
675150964214464513,IVG Download Community,Technology,12,2020-02-10 21:05:22
676476813735755814,Job Seeking and Resume Review,Technology,2,2020-02-10 21:05:20
648956210850299986,Java Community,Technology,7,2020-02-10 21:02:33
591716898148843530,Science and Academia,Technology,80,2020-02-10 21:02:27
645397443243933746,Volcano Services & Hosting,Technology,24,2020-02-10 21:02:17
585160589282902026,WolfCreators,Technology,128,2020-02-10 20:54:00
645838313764290560,Members Only üîåüìà,Technology,3,2020-02-10 20:52:10
542061836950962221,TR List | T√ºrkiye'nin En ƒ∞yisi,Technology,37,2020-02-10 20:47:09
486109245767548928,Kyouko.se,Technology,14,2020-02-10 20:42:35
551225024393117706,Planet: Code,Technology,339,2020-02-10 20:33:41
625380621664911413,Crow‚Äôs Nest,Technology,89,2020-02-10 20:33:13
661575658748772367,Creep,Technology,19,2020-02-10 20:22:36
671099498579361822,„ÄåNeon's Team„ÄçPrivate Bot Center,Technology,10,2020-02-10 20:21:16
637567797446180874,ConfusingGangüåê,Technology,15,2020-02-10 20:06:58
662897937948606474,Code Hangout,Technology,11,2020-02-10 20:03:31
639105674596319232,CreatCord ‚îÇ Die Discordprofis,Technology,19,2020-02-10 20:00:43
540963440521641995,Wide Area Nerdwork,Technology,81,2020-02-10 19:53:28
294861435937357825,MRichard333,Technology,54,2020-02-10 19:53:13
663711653724028938,neoney,Technology,15,2020-02-10 19:51:04
623221878953213952,CAI - Centre d'Aide en Informatique,Technology,27,2020-02-10 19:50:43
663381253504106504,Electroneum [FR] ‚ö°,Technology,12,2020-02-10 19:41:29
664568885604909056,GFX Shop,Technology,23,2020-02-10 19:41:27
539425713305157632,GhostAlts,Technology,33,2020-02-10 19:39:54
668408945081057282,Passive Money,Technology,26,2020-02-10 19:39:37
675052302649917441,HackersxInfosec,Technology,14,2020-02-10 19:35:30
669671149331808266,Coding Club,Technology,14,2020-02-10 19:35:30
448321491151486978,ùüÆùü±ùü≤ùóñùóºùóπùóºùòÇùóøùòÄ,Technology,40,2020-02-10 19:34:53
675752794812055572,Wayland,Technology,17,2020-02-10 19:28:00
674249146022101040,Pro's Shop,Technology,9,2020-02-10 19:27:47
669249395744571412,Visa Virgins,Technology,3,2020-02-10 19:25:18
569817349457444884,Dark Studio,Technology,5,2020-02-10 19:14:27
565563610378534913,Nertivia - Chat Client,Technology,28,2020-02-10 19:10:08
630854521740066857,Future Family 2.1,Technology,41,2020-02-10 19:05:26
650086469209292806,Programmers & Friends,Technology,28,2020-02-10 18:56:22
622997725188980737,Indian Coders,Technology,28,2020-02-10 18:53:54
603422538760192000,Shinxy - Discord Market üéÉ,Technology,71,2020-02-10 18:53:54
618447744469827604,The Hackerspace,Technology,364,2020-02-10 18:52:48
609795877967626250,HardwareStube,Technology,119,2020-02-10 18:52:35
640939933531373569,Team Slav | Account Gen,Technology,45,2020-02-10 18:47:13
568800395397300260,3D Community,Technology,28,2020-02-10 18:47:10
675836649841885187,CrackAccountsFor,Technology,11,2020-02-10 18:45:07
333355888058302465,DISBOARD,Technology,907,2020-02-10 18:44:11
652259189862825984,Dispenser Paradise ‚àû,Technology,42,2020-02-10 18:42:19
569279895889248269,IMSF International Mars Science Foundation,Technology,10,2020-02-10 18:36:39
617893174517563405,Technology,Technology,8,2020-02-10 18:30:21
667275479824465931,</ùòñùò≠ùò™ùò®ùò¢ùò≥ùò§ùò©ùò∫>,Technology,10,2020-02-10 18:27:58
676412014075052033,Galaxy Advertisement,Technology,4,2020-02-10 18:21:50
475616660242300939,The{Code}Camp,Technology,37,2020-02-10 18:21:22
666738876227911681,Unity Polska,Technology,2,2020-02-10 18:12:17
516034481082204160,The 7evenator's Public Discord,Technology,12,2020-02-10 18:04:43
610255924212531210,Method MarketPlace,Technology,66,2020-02-10 18:03:18
668767784456552478,FengGang,Technology,10,2020-02-10 17:55:51
671887767889772578,Phantom Bots Mk. II,Technology,13,2020-02-10 17:53:59
673227939650994227,Join 4 Join T√ºrkiye,Technology,10,2020-02-10 17:51:26
665583896213323777,Charter's Market v1.5,Technology,30,2020-02-10 17:48:02
668835087353380904,ùë∫ùíåùíìùíÜùíçùíç‚ò† mansion,Technology,26,2020-02-10 17:47:57
526512115520110594,CodeShare,Technology,8,2020-02-10 17:22:19
494078836573732864,DevHelp,Technology,282,2020-02-10 17:19:18
546738155743739907,PRiVCYcoin,Technology,317,2020-02-10 17:16:53
650278528105054228,Raptor,Technology,19,2020-02-10 17:11:34
